step,learning_rate
0,0.0000080
1,0.0000160
2,0.0000240
3,0.0000320
4,0.0000400
5,0.0000480
6,0.0000560
7,0.0000640
8,0.0000720
9,0.0000800
10,0.0000880
11,0.0000960
12,0.0001040
13,0.0001120
14,0.0001200
15,0.0001280
16,0.0001360
17,0.0001440
18,0.0001520
19,0.0001600
20,0.0001680
21,0.0001760
22,0.0001840
23,0.0001920
24,0.0002000
25,0.0002080
26,0.0002160
27,0.0002240
