step,learning_rate
10,0.0000220
20,0.0000420
30,0.0000620
40,0.0000820
