step,train_loss
0,10.9462299
10,9.5315552
20,9.2046375
30,8.7612028
40,8.1998262
50,7.8077145
60,7.4262090
70,7.1022334
80,6.9141092
90,6.7432661
100,6.7892165
110,6.5846605
120,6.4465318
130,6.3739996
140,6.4695005
150,6.3380704
160,6.1824422
170,6.1300287
180,5.9984508
190,6.1732755
200,6.0292225
210,5.9411173
220,5.8085227
230,5.7857704
240,5.8925271
250,5.8459835
260,5.6784348
270,5.6545873
