step,train_loss
0,10.9767227
1,10.3311396
2,9.8022165
3,9.6759109
4,9.6009016
5,9.5143986
6,9.4391422
7,9.3677235
8,9.2871904
9,9.2389059
10,9.1738749
11,9.1341209
12,9.0856485
13,9.0453482
14,8.9062557
15,8.8634987
16,8.7781277
17,8.6769657
18,8.7021456
19,8.6534052
20,8.3994961
21,8.2971134
22,8.2153816
23,8.1487112
24,7.9878883
25,7.8881116
26,7.8358259
27,7.7283449
