step,train_loss
0,10.9462299
10,9.5315428
20,9.2046070
30,8.7611685
40,8.1997986
