step,train_loss
10,9.5315723
20,9.2046175
30,8.7611704
40,8.1998034
